id,nome,cognome,email,sesso,eta,citta
1,Nisse,Struan,nstruan0@slideshare.net,Female,76,Livorno
2,Nels,Life,nlife1@intel.com,Male,49,Genova
3,Dore,Potebury,dpotebury2@amazon.com,Male,59,Palermo
4,Geri,Bowcher,gbowcher3@merriam-webster.com,Female,31,Messina
5,Saul,Scimoni,sscimoni4@virginia.edu,Male,40,Trento
6,Fara,Pash,fpash5@hatena.ne.jp,Female,68,Parma
7,Daisie,Jewson,djewson6@naver.com,Female,50,Cagliari
8,Gene,Henningham,ghenningham7@cornell.edu,Male,45,Taranto
9,Duane,Debold,ddebold8@sakura.ne.jp,Male,21,Forlì
10,Reuben,Somner,rsomner9@tumblr.com,Male,66,Bari
11,Willi,Aland,walanda@intel.com,Male,74,Forlì
12,Bord,Durie,bdurieb@feedburner.com,Male,36,Ferrara
13,Rubi,Bosma,rbosmac@sciencedirect.com,Female,30,Roma
14,Umeko,Mawhinney,umawhinneyd@wisc.edu,Female,49,Trento
15,Martie,Masic,mmasice@xing.com,Female,66,Cesena
16,Jefferson,Kinner,jkinnerf@example.com,Male,74,Genova
17,Corene,Hylton,chyltong@blogtalkradio.com,Female,28,Firenze
18,Maritsa,Ullrich,mullrichh@reddit.com,Genderqueer,67,Latina
19,Gregorius,Barnhill,gbarnhilli@nba.com,Male,48,Livorno
20,Nani,Hofler,nhoflerj@drupal.org,Female,20,Lecce
21,Margo,Kinset,mkinsetk@technorati.com,Female,26,Sassari
22,Carol-jean,Pursehouse,cpursehousel@patch.com,Female,29,Rimini
23,Davey,Kerby,dkerbym@flickr.com,Male,31,Milano
24,Romeo,Cayle,rcaylen@github.io,Male,61,Andria
25,Floris,Niblock,fniblocko@nbcnews.com,Female,48,Andria
26,Marwin,Levitt,mlevittp@apple.com,Male,39,Sassari
27,Vinnie,Severwright,vseverwrightq@reverbnation.com,Female,63,Ancona
28,Verden,Huertas,chuertasr@state.tx.us,Female,42,Padova
29,Sher,Coombe,scoombes@i2i.jp,Female,51,Prato
30,Elset,Alison,ealisont@state.tx.us,Female,39,Bologna
31,Mick,Perton,mpertonu@prweb.com,Male,22,Palermo
32,Darcie,Camell,dcamellv@tripod.com,Female,52,Palermo
33,Starr,Clemensen,sclemensenw@google.pl,Non-binary,25,Latina
34,Yurik,Sleep,ysleepx@dot.gov,Male,34,ReggioEmilia
35,Rochester,Natt,rnatty@e-recht24.de,Genderqueer,78,ReggioEmilia
36,Allissa,Smorthit,asmorthitz@booking.com,Female,73,Catania
37,Paulita,Kershow,pkershow10@infoseek.co.jp,Female,71,Siracusa
38,Grover,Kayne,gkayne11@baidu.com,Bigender,24,Roma
39,Carma,Quincee,cquincee12@berkeley.edu,Female,63,Monza
40,Brose,Issitt,bissitt13@themeforest.net,Male,18,Lecce
41,Cathleen,Plampeyn,cplampeyn14@fda.gov,Female,22,Brescia
42,Karia,Kasman,kkasman15@moonfruit.com,Female,38,Brescia
43,Korry,Lafflina,klafflina16@nymag.com,Female,22,Forlì
44,Kania,Killelay,kkillelay17@google.cn,Female,22,Padova
45,Jaquith,Rohlf,jrohlf18@multiply.com,Female,27,Pescara
46,Tades,Mottershead,tmottershead19@cargocollective.com,Male,64,Ferrara
47,Eachelle,Seller,eseller1a@apache.org,Genderqueer,80,Bologna
48,Christos,Nenci,cnenci1b@nasa.gov,Male,64,Padova
49,Alisander,Dismore,adismore1c@netlog.com,Male,68,Vicenza
50,Anastasie,Shah,ashah1d@php.net,Female,23,Cagliari
51,Christophe,Dicks,cdicks1e@acquirethisname.com,Male,58,Rimini
52,Arney,Lavalde,alavalde1f@va.gov,Genderqueer,24,Salerno
53,Sander,Hynard,shynard1g@yelp.com,Male,26,Trieste
54,Ardra,Jacobsson,ajacobsson1h@usatoday.com,Female,27,Taranto
55,Keene,Gallandre,kgallandre1i@whitehouse.gov,Genderqueer,26,Palermo
56,Dorie,Dashper,ddashper1j@comcast.net,Male,52,Salerno
57,Blithe,McSpirron,bmcspirron1k@hatena.ne.jp,Female,43,Salerno
58,Horten,Tutchings,htutchings1l@topsy.com,Male,71,Arezzo
59,Alikee,Dufore,adufore1m@dailymail.co.uk,Female,33,Udine
60,Jeniece,Fearby,jfearby1n@telegraph.co.uk,Female,54,Andria
61,Herman,Garthshore,hgarthshore1o@google.com,Male,58,Novara
62,Gaylord,Bowlesworth,gbowlesworth1p@dailymail.co.uk,Male,43,Novara
63,Carmen,Salvage,csalvage1q@noaa.gov,Female,79,Messina
64,Desi,Zannotti,dzannotti1r@usa.gov,Male,63,Ancona
65,Piotr,Lackney,plackney1s@squidoo.com,Male,45,Arezzo
66,Lowrance,Gauvin,lgauvin1t@discovery.com,Male,35,Cesena
67,Feliza,MacIllrick,fmacillrick1u@furl.net,Female,50,Bari
68,Herve,Getch,hgetch1v@mayoclinic.com,Male,60,Roma
69,Nester,Wille,nwille1w@goo.ne.jp,Male,32,Roma
70,Eveline,Yerby,eyerby1x@admin.ch,Female,37,Messina
71,Ingrim,Girauld,igirauld1y@pagesperso-orange.fr,Male,56,Udine
72,Valaree,Barkworth,vbarkworth1z@microsoft.com,Female,55,Novara
73,Ingmar,Bower,ibower20@elegantthemes.com,Male,25,Salerno
74,Patricio,Orta,porta21@xing.com,Male,70,Foggia
75,Daren,Hyndman,dhyndman22@networksolutions.com,Male,27,Livorno
76,Rachael,Durant,rdurant23@pen.io,Female,73,Milano
77,Danette,Will,dwill24@rambler.ru,Female,65,Trieste
78,Cyrille,Aylwin,caylwin25@cocolog-nifty.com,Polygender,34,Trieste
79,Jennifer,Scullin,jscullin26@canalblog.com,Female,63,Cesena
80,Torrey,Brockelsby,tbrockelsby27@blogger.com,Male,49,Catania
81,Enrique,Caff,ecaff28@mlb.com,Male,67,Livorno
82,Abraham,Bowman,abowman29@com.com,Male,31,Ancona
83,Magnum,Hamblett,mhamblett2a@accuweather.com,Male,63,Siracusa
84,Alisa,Matusson,amatusson2b@altervista.org,Female,41,Genova
85,Zoe,Sewell,zsewell2c@sfgate.com,Genderqueer,26,Bologna
86,Engelbert,Whitnell,ewhitnell2d@nydailynews.com,Male,19,Genova
87,Kanya,Stallon,kstallon2e@usgs.gov,Female,69,Taranto
88,Zulema,Boutwell,zboutwell2f@yellowpages.com,Female,23,Novara
89,Devonna,Landman,dlandman2g@lulu.com,Female,33,Bologna
90,Garald,McLarens,gmclarens2h@chicagotribune.com,Male,73,Cagliari
91,Honor,Rodda,hrodda2i@apache.org,Female,31,Prato
92,Caesar,Loreit,cloreit2j@aol.com,Male,36,Salerno
93,Lionel,Hanks,lhanks2k@seattletimes.com,Male,40,Forlì
94,Robinett,Junkinson,rjunkinson2l@issuu.com,Female,54,Arezzo
95,Brandie,Gander,bgander2m@weibo.com,Female,74,Novara
96,Vivien,Lotherington,vlotherington2n@hubpages.com,Female,36,Bari
97,Tani,Dumbar,tdumbar2o@furl.net,Female,52,Piacenza
98,Florencia,Petrowsky,fpetrowsky2p@usda.gov,Female,33,Andria
99,Witty,Beneze,wbeneze2q@si.edu,Male,29,Siracusa
100,Webster,De L'Isle,wdelisle2r@amazon.de,Male,44,Brescia
101,Gloriane,Ambrogioli,gambrogioli2s@netvibes.com,Female,50,Cagliari
102,Payton,Kobpal,pkobpal2t@tripadvisor.com,Male,73,ReggioCalabria
103,Moses,Moseby,mmoseby2u@chronoengine.com,Male,73,Forlì
104,Rollins,Franklyn,rfranklyn2v@feedburner.com,Male,27,Torino
105,Judye,Abramof,jabramof2w@goo.gl,Non-binary,59,Venezia
106,Shae,Triswell,striswell2x@weebly.com,Female,58,Monza
107,Danica,Grimsdith,dgrimsdith2y@yandex.ru,Female,69,Padova
108,Mikol,Wixey,mwixey2z@youtube.com,Male,73,Firenze
109,Justin,De Ruggiero,jderuggiero30@smh.com.au,Male,52,Latina
110,Ivor,Wraight,iwraight31@webs.com,Male,45,Cesena
111,Adora,Ludwikiewicz,aludwikiewicz32@discovery.com,Female,58,Ravenna
112,Cathy,Whithorn,cwhithorn33@wikia.com,Female,35,Venezia
113,Kristyn,Dingivan,kdingivan34@merriam-webster.com,Female,72,Messina
114,Carmella,Ingall,cingall35@pcworld.com,Genderqueer,70,Cagliari
115,Arlie,Sackur,asackur36@hud.gov,Female,31,Siracusa
116,Lilia,Farmar,lfarmar37@exblog.jp,Female,41,Terni
117,Arty,Cothey,acothey38@dedecms.com,Male,40,Salerno
118,Gayleen,Goolding,ggoolding39@narod.ru,Female,63,Padova
119,Kenna,Keneforde,kkeneforde3a@ucla.edu,Female,51,Piacenza
120,Frank,Butland,fbutland3b@stumbleupon.com,Female,19,Foggia
121,Sheridan,Brixey,sbrixey3c@live.com,Male,73,Pescara
122,Papagena,Kunz,pkunz3d@mtv.com,Female,56,Latina
123,Garnet,Sharpus,gsharpus3e@wsj.com,Female,32,Novara
124,Cristabel,Heinle,cheinle3f@omniture.com,Female,35,Torino
125,Alexei,Beecraft,abeecraft3g@nbcnews.com,Male,21,Foggia
126,Cherin,Fearnyough,cfearnyough3h@tinyurl.com,Female,39,Ancona
127,Maurita,Kiehne,mkiehne3i@cargocollective.com,Female,64,Firenze
128,Bartlet,Keddey,bkeddey3j@constantcontact.com,Male,73,Firenze
129,Lisha,Pinsent,lpinsent3k@qq.com,Female,26,Cesena
130,Mord,Garth,mgarth3l@phoca.cz,Male,31,Palermo
131,Tonnie,Pulbrook,tpulbrook3m@cnn.com,Male,25,Trento
132,Natalie,Novotna,nnovotna3n@flavors.me,Female,63,Palermo
133,Olivero,Croshaw,ocroshaw3o@baidu.com,Male,34,Parma
134,Aubry,Feldmesser,afeldmesser3p@t-online.de,Female,59,Venezia
135,Jacinta,Rotge,jrotge3q@squarespace.com,Female,48,Parma
136,Elise,Matevushev,ematevushev3r@delicious.com,Female,80,Foggia
137,Johna,Fereday,jfereday3s@amazonaws.com,Female,31,Lecce
138,Anjela,Lemar,alemar3t@washingtonpost.com,Female,41,ReggioCalabria
139,Fanchette,Looks,flooks3u@bandcamp.com,Female,69,Piacenza
140,Taffy,Cowsby,tcowsby3v@house.gov,Female,21,Bologna
141,Doug,Benza,dbenza3w@trellian.com,Male,18,Piacenza
142,Jerry,Clausen,jclausen3x@time.com,Female,30,Lecce
143,Washington,Gunby,wgunby3y@blogs.com,Male,77,Parma
144,Win,Spata,wspata3z@hubpages.com,Male,39,Palermo
145,Mandy,Leathes,mleathes40@behance.net,Female,62,Prato
146,Kalindi,Daft,kdaft41@google.com,Female,61,Padova
147,Naoma,Spataro,nspataro42@sohu.com,Genderfluid,66,Forlì
148,Milicent,Chilles,mchilles43@macromedia.com,Female,43,Novara
149,Shay,Rickeard,srickeard44@google.com.hk,Male,77,Terni
150,Alberik,Shilvock,ashilvock45@vk.com,Male,78,Bolzano
151,Merrie,Gecks,mgecks46@oakley.com,Female,67,ReggioEmilia
152,Ingeborg,Colly,icolly47@people.com.cn,Bigender,55,Ravenna
153,Garreth,Schwandermann,gschwandermann48@washingtonpost.com,Male,68,Firenze
154,Fulvia,Crollman,fcrollman49@canalblog.com,Female,33,Livorno
155,Harwilll,Sand,hsand4a@vkontakte.ru,Male,58,Prato
156,Katrine,Teligin,kteligin4b@sourceforge.net,Female,35,Sassari
157,Land,Gorey,lgorey4c@prnewswire.com,Male,61,Arezzo
158,Arvie,Hammell,ahammell4d@dell.com,Male,32,Udine
159,Davita,Gimbrett,dgimbrett4e@comcast.net,Female,36,Milano
160,Abbie,Bertot,abertot4f@zimbio.com,Male,50,Ancona
161,Rolf,Beamiss,rbeamiss4g@toplist.cz,Male,54,Roma
162,Ajay,Latchmore,alatchmore4h@msn.com,Female,63,Livorno
163,Cheryl,Walenta,cwalenta4i@about.me,Non-binary,37,ReggioCalabria
164,Kellie,Jirek,kjirek4j@woothemes.com,Female,63,Cagliari
165,Kasper,Tranfield,ktranfield4k@google.com.au,Male,53,Taranto
166,Afton,Barling,abarling4l@cbc.ca,Female,61,Torino
167,Jesse,Onthank,jonthank4m@bbc.co.uk,Genderfluid,44,Taranto
168,Vivia,Eddowes,veddowes4n@shutterfly.com,Female,50,Forlì
169,Christian,Alty,calty4o@edublogs.org,Male,76,Vicenza
170,Berty,Stook,bstook4p@phoca.cz,Female,77,Latina
171,Meier,Currell,mcurrell4q@newsvine.com,Agender,64,Torino
172,Lorelle,Garr,lgarr4r@plala.or.jp,Female,76,Piacenza
173,Phillip,Lucio,plucio4s@ebay.com,Male,70,Andria
174,Foss,Byars,fbyars4t@nps.gov,Male,20,Verona
175,Micheline,Bridden,mbridden4u@blogspot.com,Female,75,Piacenza
176,Jemmie,Grenshiels,jgrenshiels4v@stumbleupon.com,Female,29,Prato
177,Tobin,Tucknutt,ttucknutt4w@china.com.cn,Polygender,40,Prato
178,Merrili,McCaughey,mmccaughey4x@nifty.com,Female,43,Rimini
179,Aarika,Freeborn,afreeborn4y@wiley.com,Female,61,Cesena
180,Filmer,Purcell,fpurcell4z@moonfruit.com,Male,27,Bari
181,Anestassia,Marr,amarr50@slashdot.org,Female,61,Andria
182,Ricoriki,Bison,rbison51@aol.com,Male,30,Lecce
183,Kylie,Gracey,kgracey52@abc.net.au,Male,69,Trento
184,Lisle,Huntington,lhuntington53@ucoz.com,Male,68,Padova
185,Benedetto,Biaggi,bbiaggi54@flavors.me,Male,63,Bari
186,Bevvy,Cozins,bcozins55@amazonaws.com,Female,68,Cagliari
187,Nita,Carman,ncarman56@ihg.com,Female,37,Forlì
188,Sauveur,Williment,swilliment57@wiley.com,Male,29,Andria
189,Alwyn,Reskelly,areskelly58@eepurl.com,Male,35,Roma
190,Suzette,Felderer,sfelderer59@cornell.edu,Agender,76,Bergamo
191,Trent,Thirsk,tthirsk5a@sogou.com,Male,79,Ferrara
192,Alfy,Copcutt,acopcutt5b@weibo.com,Female,40,Siracusa
193,Dudley,Keoghan,dkeoghan5c@arizona.edu,Male,40,Milano
194,Bradney,Halfhyde,bhalfhyde5d@ted.com,Male,42,Torino
195,Dionne,Golby,dgolby5e@state.gov,Female,18,Modena
196,Randi,Pren,rpren5f@tuttocitta.it,Female,27,Terni
197,Maurizio,Glazzard,mglazzard5g@fda.gov,Male,44,Andria
198,Anny,Rosenblad,arosenblad5h@mysql.com,Female,26,Taranto
199,Germana,Clotworthy,gclotworthy5i@apple.com,Female,56,ReggioCalabria
200,Ruthann,Filipowicz,rfilipowicz5j@technorati.com,Female,42,Lecce
201,Ardenia,Jell,ajell5k@prweb.com,Polygender,53,Ferrara
202,Christos,Robertazzi,crobertazzi5l@newsvine.com,Male,35,Novara
203,Mason,Costi,mcosti5m@hostgator.com,Male,34,Trento
204,Cyndy,Groucock,cgroucock5n@ted.com,Female,54,Catania
205,Boony,Lidierth,blidierth5o@ca.gov,Male,70,Salerno
206,Javier,Fretson,jfretson5p@g.co,Male,18,Vicenza
207,Daile,Eccott,deccott5q@homestead.com,Female,63,Siracusa
208,Brendan,Burgoin,bburgoin5r@reverbnation.com,Male,61,Udine
209,Atlante,Kiwitz,akiwitz5s@myspace.com,Female,67,Trieste
210,George,MacCarter,gmaccarter5t@ebay.com,Female,67,Udine
211,Lindy,Harback,lharback5u@yolasite.com,Female,28,Firenze
212,Ike,Cranston,icranston5v@cbslocal.com,Male,80,Cesena
213,Corette,Meiklejohn,cmeiklejohn5w@nps.gov,Female,36,ReggioEmilia
214,Edik,Galego,egalego5x@guardian.co.uk,Male,24,Novara
215,Lovell,Laffling,llaffling5y@canalblog.com,Male,74,Bolzano
216,Onfre,Longstaffe,olongstaffe5z@google.ca,Male,55,Siracusa
217,Lani,Billanie,lbillanie60@unicef.org,Female,22,ReggioCalabria
218,Sidney,Spinks,sspinks61@bigcartel.com,Male,52,Rimini
219,Robby,Hairesnape,rhairesnape62@t.co,Male,79,Torino
220,Baxter,Ranscombe,branscombe63@yahoo.co.jp,Male,43,Livorno
221,Isaak,Hambleton,ihambleton64@prweb.com,Male,37,ReggioEmilia
222,Yancy,Redihalgh,yredihalgh65@berkeley.edu,Male,35,Perugia
223,Pierson,Nobbs,pnobbs66@parallels.com,Male,47,Milano
224,Gusella,Upcraft,gupcraft67@unblog.fr,Female,36,Bologna
225,Lloyd,Kolodziejski,lkolodziejski68@tmall.com,Agender,55,Taranto
226,Neddie,Mulhall,nmulhall69@wordpress.com,Male,77,Bari
227,Alix,O'Lagene,aolagene6a@vinaora.com,Male,29,Brescia
228,Clemmie,Catford,ccatford6b@opensource.org,Male,37,Rimini
229,Waldon,Waywell,wwaywell6c@google.it,Male,67,Prato
230,Hillard,Djorevic,hdjorevic6d@reverbnation.com,Male,28,Roma
231,Elisabetta,McGruar,emcgruar6e@yahoo.co.jp,Female,39,Perugia
232,Scotti,De Malchar,sdemalchar6f@is.gd,Male,80,Andria
233,Heriberto,Chartres,hchartres6g@sourceforge.net,Male,52,Padova
234,Ferdinande,Paterno,fpaterno6h@netlog.com,Female,46,Napoli
235,Carmita,Doiley,cdoiley6i@angelfire.com,Female,69,Catania
236,Susette,Cashman,scashman6j@stumbleupon.com,Female,40,Bergamo
237,Jorry,Wellsman,jwellsman6k@craigslist.org,Female,34,Ravenna
238,Mirna,Widmore,mwidmore6l@businessweek.com,Female,33,Milano
239,Gilda,Fortescue,gfortescue6m@constantcontact.com,Female,24,Trieste
240,Tanny,McGookin,tmcgookin6n@vkontakte.ru,Male,66,Andria
241,Gerhardt,Jonah,gjonah6o@craigslist.org,Male,24,Taranto
242,Shane,Gorden,sgorden6p@reference.com,Female,78,Perugia
243,Fidela,Hullah,fhullah6q@plala.or.jp,Female,58,Rimini
244,Catlaina,McIndrew,cmcindrew6r@geocities.com,Female,73,Napoli
245,Zedekiah,Maskill,zmaskill6s@paypal.com,Male,28,Palermo
246,Niko,Willoughway,nwilloughway6t@elpais.com,Male,33,Forlì
247,Adolph,Oglethorpe,aoglethorpe6u@slideshare.net,Male,69,Trieste
248,Way,Race,wrace6v@clickbank.net,Male,21,Parma
249,Garrik,Henzer,ghenzer6w@wikipedia.org,Male,58,Napoli
250,Hill,Bucktrout,hbucktrout6x@comcast.net,Male,68,Latina
251,Clarey,Singh,csingh6y@wix.com,Genderqueer,31,Bari
252,Mata,Hannaford,mhannaford6z@fema.gov,Male,50,Bolzano
253,Kingsley,Junifer,kjunifer70@cargocollective.com,Male,44,Andria
254,Dael,Kalkofer,dkalkofer71@mail.ru,Male,58,Bari
255,Pate,Rheaume,prheaume72@blinklist.com,Male,37,Arezzo
256,Nedda,Shane,nshane73@tmall.com,Female,68,Firenze
257,See,Rutter,srutter74@baidu.com,Male,46,Novara
258,Ray,Garth,rgarth75@mail.ru,Female,30,Bari
259,Sharia,Paddington,spaddington76@4shared.com,Female,55,Cesena
260,Harriet,Fenne,hfenne77@cyberchimps.com,Female,52,Cagliari
261,Iago,Berkely,iberkely78@amazon.co.uk,Bigender,25,Latina
262,Caye,Freer,cfreer79@feedburner.com,Female,29,Trento
263,Leesa,Curneen,lcurneen7a@hp.com,Female,20,Sassari
264,Celia,Espin,cespin7b@histats.com,Female,65,ReggioEmilia
265,Nickey,Brazer,nbrazer7c@state.tx.us,Male,68,Brescia
266,Pearla,Cousans,pcousans7d@rambler.ru,Female,75,Venezia
267,Kain,Marsh,kmarsh7e@networkadvertising.org,Male,53,Padova
268,Reagen,Milkin,rmilkin7f@apple.com,Male,34,Modena
269,Noelani,Duer,nduer7g@hc360.com,Female,22,Catania
270,Melissa,Armsden,marmsden7h@ask.com,Female,75,Prato
271,Matthias,Edgin,medgin7i@usnews.com,Male,66,Siracusa
272,Imelda,Resun,iresun7j@google.it,Female,41,Messina
273,Cirillo,Spreull,cspreull7k@uol.com.br,Male,21,Napoli
274,Elston,Gaffney,egaffney7l@purevolume.com,Male,57,Ancona
275,Bibbie,Issitt,bissitt7m@businesswire.com,Female,31,Ancona
276,Clemmie,Ailmer,cailmer7n@quantcast.com,Male,73,Foggia
277,Lacee,McIlrath,lmcilrath7o@spiegel.de,Female,74,Ferrara
278,Selena,Kreutzer,skreutzer7p@com.com,Non-binary,24,Trieste
279,Klemens,Manklow,kmanklow7q@discovery.com,Male,35,Torino
280,Brigham,Beddie,bbeddie7r@cocolog-nifty.com,Male,69,Perugia
281,Cullen,Rignold,crignold7s@ask.com,Genderfluid,24,Andria
282,Diane-marie,Heskin,dheskin7t@mtv.com,Female,39,Ferrara
283,Gerick,Yurinov,gyurinov7u@infoseek.co.jp,Male,61,Sassari
284,Gabby,Alpe,galpe7v@wisc.edu,Male,44,Modena
285,Paolina,Richley,prichley7w@slate.com,Female,63,Parma
286,Gwyn,Plows,gplows7x@yandex.ru,Female,31,ReggioEmilia
287,Jillian,McCamish,jmccamish7y@nifty.com,Female,22,Palermo
288,Lon,Brocket,lbrocket7z@theatlantic.com,Bigender,52,Catania
289,Bronnie,Sproston,bsproston80@cbsnews.com,Male,34,Livorno
290,Hedwig,Cleatherow,hcleatherow81@about.com,Female,73,Sassari
291,Verena,Bielfeldt,vbielfeldt82@gnu.org,Female,69,Salerno
292,Tallia,Pepperrall,tpepperrall83@biblegateway.com,Female,58,ReggioCalabria
293,Luisa,Parrish,lparrish84@google.pl,Female,45,Trento
294,Reinaldos,Lahy,rlahy85@buzzfeed.com,Male,29,Udine
295,Sonia,Tschiersch,stschiersch86@tmall.com,Genderqueer,25,Verona
296,Phillipe,Standeven,pstandeven87@eepurl.com,Male,36,Lecce
297,Merline,Corah,mcorah88@dyndns.org,Female,53,Ravenna
298,Charla,McGucken,cmcgucken89@usa.gov,Female,35,Parma
299,Clayborne,Jacobsson,cjacobsson8a@lulu.com,Male,76,Torino
300,Bliss,Brandts,bbrandts8b@shop-pro.jp,Female,75,Bologna
301,Roosevelt,Shapland,rshapland8c@so-net.ne.jp,Male,70,Trieste
302,Dorita,Surmeir,dsurmeir8d@weather.com,Female,80,Bari
303,Rachael,Bewshaw,rbewshaw8e@mashable.com,Female,74,Trieste
304,Markos,Willmont,mwillmont8f@ezinearticles.com,Male,40,Ancona
305,Stuart,Cruikshanks,scruikshanks8g@forbes.com,Non-binary,69,Siracusa
306,Clarine,Laurance,claurance8h@infoseek.co.jp,Female,35,Milano
307,Abe,Nassi,anassi8i@jiathis.com,Genderfluid,64,Andria
308,Holly,Andreix,handreix8j@acquirethisname.com,Agender,48,Andria
309,Dalila,Jensen,djensen8k@themeforest.net,Female,19,Udine
310,Moria,Mattock,mmattock8l@aboutads.info,Female,35,Modena
311,Tadio,Polsin,tpolsin8m@hhs.gov,Male,42,Forlì
312,Edie,Heaysman,eheaysman8n@spiegel.de,Female,53,Arezzo
313,Shelley,Batchley,sbatchley8o@cnn.com,Female,26,Latina
314,Ogdon,Blythin,oblythin8p@xing.com,Male,67,Messina
315,Bowie,Bexon,bbexon8q@feedburner.com,Male,55,Pescara
316,Lucina,Kingswood,lkingswood8r@ifeng.com,Female,51,Andria
317,Lin,Benz,lbenz8s@oaic.gov.au,Polygender,20,Ferrara
318,Avery,Craise,acraise8t@xing.com,Male,30,Siracusa
319,Hugh,Mixworthy,hmixworthy8u@plala.or.jp,Male,42,Taranto
320,Chico,Izkovitch,cizkovitch8v@fema.gov,Male,48,Andria
321,Euphemia,Benet,ebenet8w@ezinearticles.com,Female,67,Milano
322,Nolie,Breach,nbreach8x@berkeley.edu,Female,18,Forlì
323,Gifford,MacLise,gmaclise8y@google.cn,Male,35,Firenze
324,Werner,Yukhnev,wyukhnev8z@fotki.com,Male,67,Vicenza
325,Heddie,Capener,hcapener90@google.com.hk,Female,80,Latina
326,Saunder,Lantaff,slantaff91@digg.com,Male,35,Roma
327,Agneta,Caplan,acaplan92@loc.gov,Female,65,Piacenza
328,Rubin,Durrans,rdurrans93@seattletimes.com,Male,45,Verona
329,Beau,Gulleford,bgulleford94@phoca.cz,Male,77,Venezia
330,Sharon,Flockhart,sflockhart95@imgur.com,Female,18,Terni
331,Kristoforo,Rhubottom,krhubottom96@joomla.org,Male,80,Salerno
332,Lin,Gadson,lgadson97@bloglines.com,Female,70,Palermo
333,Yolanthe,Jaspar,yjaspar98@aboutads.info,Female,29,Perugia
334,Gizela,De la croix,gdelacroix99@zimbio.com,Female,20,Trieste
335,Fabien,Antowski,fantowski9a@163.com,Male,78,Trento
336,Odella,Clemow,oclemow9b@bluehost.com,Female,20,Bolzano
337,Jenn,Winscomb,jwinscomb9c@examiner.com,Female,53,Bari
338,Rebeka,Pote,rpote9d@blogtalkradio.com,Female,54,Modena
339,Gretel,Klimt,gklimt9e@taobao.com,Female,53,Ravenna
340,Kacy,Halsall,khalsall9f@google.co.uk,Female,43,Verona
341,Ailey,Russell,arussell9g@blogger.com,Genderfluid,45,Bologna
342,Cesar,Maciaszek,cmaciaszek9h@google.pl,Male,41,Arezzo
343,Tabor,Jeduch,tjeduch9i@google.com.hk,Male,50,Taranto
344,Silvan,Gaul,sgaul9j@photobucket.com,Male,24,Napoli
345,Bamby,Orrick,borrick9k@cornell.edu,Female,64,Perugia
346,Catharina,Knightsbridge,cknightsbridge9l@photobucket.com,Female,71,Perugia
347,Babb,Fincke,bfincke9m@imgur.com,Female,72,Siracusa
348,Sydney,Papa,spapa9n@ebay.com,Male,34,Firenze
349,Chip,Pelos,cpelos9o@archive.org,Male,44,Ravenna
350,Elana,Barney,ebarney9p@parallels.com,Female,19,Brescia
351,Lee,Broxup,lbroxup9q@livejournal.com,Male,75,Catania
352,Gae,Forsyde,gforsyde9r@homestead.com,Female,55,Firenze
353,Cristabel,Welband,cwelband9s@soup.io,Female,26,Arezzo
354,Ali,Eltun,aeltun9t@goodreads.com,Female,22,Milano
355,Ly,Ladon,lladon9u@gravatar.com,Genderqueer,66,Napoli
356,Benedicto,Dils,bdils9v@ow.ly,Male,62,Genova
357,Yale,Cocks,ycocks9w@squidoo.com,Male,49,Rimini
358,Valentina,Van Son,vvanson9x@freewebs.com,Female,71,Venezia
359,Wat,Wakes,wwakes9y@craigslist.org,Male,63,Cesena
360,Eadie,Sikorsky,esikorsky9z@mapy.cz,Female,43,Pescara
361,Lonna,Riddall,lriddalla0@nba.com,Female,60,Salerno
362,Britni,Ohanessian,bohanessiana1@state.tx.us,Female,38,Salerno
363,Elton,Guillart,eguillarta2@spiegel.de,Male,77,Ferrara
364,Marge,Oatley,moatleya3@weebly.com,Female,56,Perugia
365,Hall,Tallyn,htallyna4@dot.gov,Non-binary,62,ReggioEmilia
366,Bronson,Rosling,broslinga5@example.com,Male,19,Andria
367,Kristien,Ratnage,kratnagea6@drupal.org,Female,23,Catania
368,Tibold,Hurt,thurta7@webeden.co.uk,Male,37,Andria
369,Ulysses,Wotherspoon,uwotherspoona8@desdev.cn,Male,39,Pescara
370,Pippa,Tranfield,ptranfielda9@ftc.gov,Female,50,Verona
371,Shelba,Densun,sdensunaa@biglobe.ne.jp,Female,42,Ancona
372,Johna,Gaskal,jgaskalab@economist.com,Female,61,Perugia
373,Ede,Killeen,ekilleenac@myspace.com,Female,32,Modena
374,Etienne,Zelake,ezelakead@soundcloud.com,Male,47,Bergamo
375,Marcelo,Tamplin,mtamplinae@vimeo.com,Male,33,Bolzano
376,Sheelah,Rymer,srymeraf@guardian.co.uk,Female,36,Firenze
377,Aubine,John,ajohnag@typepad.com,Female,78,Ferrara
378,Bent,Goosey,bgooseyah@icio.us,Male,29,ReggioEmilia
379,Barbara,Gaddesby,bgaddesbyai@miibeian.gov.cn,Female,43,Siracusa
380,Elset,Dalbey,edalbeyaj@goo.ne.jp,Female,66,Forlì
381,Hyatt,Estcot,hestcotak@odnoklassniki.ru,Male,20,Catania
382,Trude,Bernon,tbernonal@archive.org,Female,60,Ancona
383,Priscilla,Farrall,pfarrallam@last.fm,Female,60,Siracusa
384,Cody,Hunnisett,chunnisettan@networkadvertising.org,Male,50,Padova
385,Berti,Vankov,bvankovao@odnoklassniki.ru,Male,18,Catania
386,Rem,Dudeney,rdudeneyap@multiply.com,Male,24,Trento
387,Bernadine,Bengal,bbengalaq@java.com,Female,24,Messina
388,Verine,McPake,vmcpakear@cmu.edu,Female,57,Verona
389,Elysia,Oldford,eoldfordas@myspace.com,Agender,39,Padova
390,Sadie,Tregust,stregustat@linkedin.com,Female,21,Novara
391,Jerry,Clancy,jclancyau@pagesperso-orange.fr,Female,23,Brescia
392,Nerita,Stirling,nstirlingav@wix.com,Bigender,68,Monza
393,Ephrayim,Virgin,evirginaw@sogou.com,Non-binary,29,Taranto
394,Shaina,Mohammed,smohammedax@webeden.co.uk,Female,68,Perugia
395,Lilli,Aggott,laggottay@free.fr,Female,44,Siracusa
396,Greg,Bollins,gbollinsaz@photobucket.com,Male,28,Milano
397,Lettie,Allawy,lallawyb0@ed.gov,Female,75,Latina
398,Leone,Hovy,lhovyb1@utexas.edu,Female,30,Vicenza
399,Wallas,Spradbrow,wspradbrowb2@ifeng.com,Male,64,Milano
400,Vincent,Gumly,vgumlyb3@blinklist.com,Male,37,Palermo
401,Matthiew,Humpage,mhumpageb4@auda.org.au,Male,64,Venezia
402,Domeniga,Pendrill,dpendrillb5@alibaba.com,Female,49,Cagliari
403,Danice,Lorkings,dlorkingsb6@4shared.com,Female,79,Piacenza
404,Rosanne,Rickert,rrickertb7@wikia.com,Female,73,Catania
405,Corena,MacPaden,cmacpadenb8@archive.org,Female,29,Cagliari
406,Vittorio,Hacket,vhacketb9@npr.org,Male,37,Rimini
407,Morrie,McAvin,mmcavinba@simplemachines.org,Male,67,Catania
408,Mathias,Beesey,mbeeseybb@auda.org.au,Male,20,Taranto
409,Errol,Broadfield,ebroadfieldbc@rakuten.co.jp,Male,61,Trento
410,Lindsey,Erington,leringtonbd@cnn.com,Male,67,Lecce
411,Pollyanna,Leyden,pleydenbe@columbia.edu,Genderfluid,26,Andria
412,Grove,Hobben,ghobbenbf@wikipedia.org,Male,20,Torino
413,Olimpia,Monteath,omonteathbg@kickstarter.com,Female,31,Arezzo
414,Andre,Benedikt,abenediktbh@wikispaces.com,Male,79,Brescia
415,Greer,Almond,galmondbi@twitpic.com,Female,32,Bologna
416,Thorstein,Debenham,tdebenhambj@prlog.org,Male,33,Catania
417,Selina,Twiname,stwinamebk@amazon.com,Female,26,Rimini
418,Kinsley,Libermore,klibermorebl@technorati.com,Male,54,Messina
419,Emory,MacDonell,emacdonellbm@privacy.gov.au,Male,49,Lecce
420,Tiffie,Alps,talpsbn@goo.gl,Female,56,Ferrara
421,Barn,Dankov,bdankovbo@angelfire.com,Male,75,Siracusa
422,Steffi,Hegden,shegdenbp@jigsy.com,Female,61,Foggia
423,Mavra,Stuart,mstuartbq@wikispaces.com,Female,28,Napoli
424,Hermione,Fills,hfillsbr@disqus.com,Female,80,Ferrara
425,Avery,Tuson,atusonbs@simplemachines.org,Male,63,Livorno
426,Elka,Wohlers,ewohlersbt@livejournal.com,Female,54,Palermo
427,Emmalee,Nerger,energerbu@360.cn,Female,49,Siracusa
428,Dyane,Bougen,dbougenbv@npr.org,Female,67,Genova
429,Lissy,Follacaro,lfollacarobw@unesco.org,Female,62,Sassari
430,Kale,Bumphrey,kbumphreybx@tiny.cc,Male,24,Arezzo
431,Odie,Probyn,oprobynby@vk.com,Male,55,Terni
432,Leah,Coldman,lcoldmanbz@purevolume.com,Female,75,Napoli
433,Liesa,Cosgriff,lcosgriffc0@freewebs.com,Female,23,Trieste
434,Gian,Archibald,garchibaldc1@mac.com,Male,55,Cesena
435,Kellia,Pavia,kpaviac2@wordpress.org,Female,31,Brescia
436,Dionis,MacCurtain,dmaccurtainc3@npr.org,Female,41,Cagliari
437,Wilona,Grono,wgronoc4@prnewswire.com,Female,58,Verona
438,Adan,Volage,avolagec5@moonfruit.com,Male,74,Napoli
439,Nerita,Assiter,nassiterc6@cnet.com,Female,70,Palermo
440,Gloriane,Faire,gfairec7@exblog.jp,Female,19,Roma
441,Moe,Marquess,mmarquessc8@blogger.com,Male,70,Verona
442,August,Puzey,apuzeyc9@umich.edu,Male,44,Salerno
443,Thomasine,Cheale,tchealeca@barnesandnoble.com,Female,71,Padova
444,Fabien,Bedboro,fbedborocb@blogtalkradio.com,Male,75,Ravenna
445,Eldredge,Jarville,ejarvillecc@cdc.gov,Male,50,Parma
446,Sunny,Ongin,songincd@naver.com,Genderfluid,43,Livorno
447,Eb,Drinkale,edrinkalece@dot.gov,Male,47,Foggia
448,Kerri,Paszak,kpaszakcf@senate.gov,Bigender,66,Udine
449,Brig,Mathers,bmatherscg@webnode.com,Male,80,Trento
450,Tammy,Burndred,tburndredch@google.com.hk,Male,75,Latina
451,Pauly,Johnes,pjohnesci@newsvine.com,Male,23,ReggioEmilia
452,Gianni,Leyburn,gleyburncj@cargocollective.com,Male,23,Sassari
453,Lanae,Swinney,lswinneyck@imgur.com,Female,58,Parma
454,Leda,Jeskin,ljeskincl@chicagotribune.com,Female,62,Bari
455,Dionisio,MacAfee,dmacafeecm@foxnews.com,Male,78,Taranto
456,Jessy,Banting,jbantingcn@msn.com,Female,42,Andria
457,Yuri,Wanek,ywanekco@sakura.ne.jp,Male,29,Foggia
458,Dennie,McMahon,dmcmahoncp@yale.edu,Male,72,Roma
459,Emma,Shephard,eshephardcq@utexas.edu,Genderqueer,74,Livorno
460,Davidde,Greschke,dgreschkecr@nbcnews.com,Male,26,Modena
461,Aurora,MacNalley,amacnalleycs@huffingtonpost.com,Female,34,Parma
462,Teodorico,Tume,ttumect@bravesites.com,Male,21,Livorno
463,Major,Crehan,mcrehancu@amazon.com,Male,64,Palermo
464,Kendricks,Lewer,klewercv@dailymotion.com,Male,37,Verona
465,Clari,Barents,cbarentscw@npr.org,Female,39,Udine
466,Prentiss,Lohmeyer,plohmeyercx@bizjournals.com,Male,63,Verona
467,Temp,Baudinet,tbaudinetcy@nymag.com,Male,45,Foggia
468,Zoe,Ledson,zledsoncz@imdb.com,Female,41,ReggioCalabria
469,Ewell,Costock,ecostockd0@yandex.ru,Male,73,Foggia
470,Olivier,Corps,ocorpsd1@indiegogo.com,Male,42,Padova
471,Marci,Goligly,mgoliglyd2@goo.ne.jp,Bigender,69,Pescara
472,Graehme,Hudel,ghudeld3@dmoz.org,Male,19,Napoli
473,Rosalie,Bartol,rbartold4@blog.com,Female,55,Cagliari
474,Noam,Causley,ncausleyd5@illinois.edu,Male,39,Padova
475,Nannie,Elphick,nelphickd6@nps.gov,Female,30,Siracusa
476,Trumann,Bister,tbisterd7@intel.com,Male,29,Arezzo
477,Benny,Noddles,bnoddlesd8@tripod.com,Male,55,Perugia
478,Adelaide,Calfe,acalfed9@cnn.com,Female,67,Bari
479,Madonna,McKearnen,mmckearnenda@omniture.com,Female,31,Bari
480,Sergeant,Bushe,sbushedb@amazon.de,Male,26,Livorno
481,Camella,Trudgian,ctrudgiandc@so-net.ne.jp,Female,61,Salerno
482,Mauricio,Dougal,mdougaldd@bloglines.com,Polygender,29,Ferrara
483,Dolph,Olivi,dolivide@storify.com,Male,55,Roma
484,My,Feldbau,mfeldbaudf@netlog.com,Male,29,Arezzo
485,Ephrayim,Starford,estarforddg@mashable.com,Male,21,Bolzano
486,Mei,Cowherd,mcowherddh@auda.org.au,Female,38,Foggia
487,Westbrooke,Gerring,wgerringdi@google.ca,Male,35,Torino
488,Nanette,Culley,nculleydj@google.it,Female,68,Livorno
489,Fleurette,Puxley,fpuxleydk@kickstarter.com,Female,47,Palermo
490,Nertie,Pleasants,npleasantsdl@toplist.cz,Female,19,Venezia
491,Roseanna,Laminman,rlaminmandm@ted.com,Female,29,Udine
492,Taddeo,Bridgeland,tbridgelanddn@google.es,Male,34,Trento
493,Reeva,Cawdron,rcawdrondo@bandcamp.com,Female,32,Genova
494,Ede,Lauchlan,elauchlandp@cargocollective.com,Bigender,58,Catania
495,Conn,MacVaugh,cmacvaughdq@smugmug.com,Male,19,Bari
496,Babara,MacKimm,bmackimmdr@hud.gov,Female,70,Novara
497,Jedd,Vedikhov,jvedikhovds@usatoday.com,Male,68,Bologna
498,Leena,Ugo,lugodt@msu.edu,Female,64,Napoli
499,Hashim,Ferrandez,hferrandezdu@jalbum.net,Male,67,Verona
500,Courtnay,McSporrin,cmcsporrindv@google.co.jp,Female,48,Trieste
501,Kerk,Kelston,kkelstondw@dropbox.com,Male,51,Catania
502,Omar,Boeter,oboeterdx@latimes.com,Male,74,Bergamo
503,Luce,Yannikov,lyannikovdy@51.la,Male,47,Prato
504,Caril,MacKenny,cmackennydz@opensource.org,Female,62,Parma
505,Janis,Janous,jjanouse0@homestead.com,Female,34,Firenze
506,Gerrard,Inderwick,ginderwicke1@cpanel.net,Male,24,Prato
507,Pietrek,Slainey,pslaineye2@youtu.be,Male,80,Trento
508,Tadeas,Silby,tsilbye3@oracle.com,Agender,29,Messina
509,Pincas,Lathaye,plathayee4@nsw.gov.au,Male,77,Roma
510,Shea,Leist,sleiste5@patch.com,Female,43,Andria
511,Niko,Pauncefort,npaunceforte6@google.fr,Male,52,Novara
512,Lorrayne,Cheves,lchevese7@slate.com,Female,68,Livorno
513,Bronson,Morin,bmorine8@xrea.com,Male,40,Genova
514,Jarred,Garforth,jgarforthe9@multiply.com,Male,27,Milano
515,Lorry,Skoggins,lskogginsea@unesco.org,Male,69,Torino
516,Gideon,Careswell,gcareswelleb@state.tx.us,Male,51,Cagliari
517,Lance,Kennifeck,lkennifeckec@sitemeter.com,Male,32,Milano
518,Johna,Inger,jingered@goo.gl,Female,20,Perugia
519,Elmer,Whettleton,ewhettletonee@arstechnica.com,Male,28,Piacenza
520,Karel,Pashler,kpashleref@businessweek.com,Female,47,Modena
521,Paulie,Chateau,pchateaueg@gov.uk,Female,19,Prato
522,Ardelis,Nanninini,anannininieh@usa.gov,Female,44,Venezia
523,Wang,de Merida,wdemeridaei@tmall.com,Male,43,Napoli
524,Charmain,Mazella,cmazellaej@hao123.com,Female,67,Genova
525,Verden,Petrina,hpetrinaek@seattletimes.com,Female,47,Bergamo
526,Chloe,Faraday,cfaradayel@nifty.com,Female,79,Rimini
527,Emlyn,Avraam,eavraamem@networkadvertising.org,Male,41,Siracusa
528,Shaylah,Climpson,sclimpsonen@plala.or.jp,Female,49,Sassari
529,Hank,Delue,hdelueeo@dagondesign.com,Male,72,Roma
530,Estrella,O'Carney,eocarneyep@fema.gov,Female,78,Venezia
531,Irvin,Harcombe,iharcombeeq@uiuc.edu,Male,75,Arezzo
532,Filippo,Mannion,fmannioner@goodreads.com,Male,77,Udine
533,Rana,Adamovitch,radamovitches@hp.com,Female,69,Salerno
534,Cammi,Anchor,canchoret@flickr.com,Bigender,67,Firenze
535,Simon,Hanlin,shanlineu@baidu.com,Male,28,Bergamo
536,Minne,Mea,mmeaev@acquirethisname.com,Female,29,Vicenza
537,Ly,Barajas,lbarajasew@ovh.net,Male,64,Ferrara
538,Doralin,Bourdice,dbourdiceex@china.com.cn,Female,37,Ferrara
539,Dorelia,Castro,dcastroey@nbcnews.com,Genderqueer,30,Ferrara
540,Maximilianus,Allewell,mallewellez@miibeian.gov.cn,Male,38,Cagliari
541,Nealson,Kennford,nkennfordf0@bbc.co.uk,Male,71,Ancona
542,Akim,Kynforth,akynforthf1@barnesandnoble.com,Male,51,Cagliari
543,Berget,McConachie,bmcconachief2@spiegel.de,Female,62,Venezia
544,Shaina,Leahey,sleaheyf3@surveymonkey.com,Female,19,Ravenna
545,Elsinore,Smeeton,esmeetonf4@google.fr,Female,67,Lecce
546,Georgina,MacTrustam,gmactrustamf5@vinaora.com,Female,80,Venezia
547,Goldia,McGiven,gmcgivenf6@huffingtonpost.com,Female,37,Roma
548,Ilyssa,Wedgwood,iwedgwoodf7@wired.com,Female,57,Cesena
549,Skelly,Hubane,shubanef8@statcounter.com,Male,27,Foggia
550,Meghann,Blackborne,mblackbornef9@wix.com,Female,40,Andria
551,Smitty,Charleston,scharlestonfa@fastcompany.com,Agender,60,Cagliari
552,Quent,Dagless,qdaglessfb@nature.com,Male,37,Messina
553,Abey,Vyvyan,avyvyanfc@ehow.com,Male,33,Forlì
554,Dougie,Cureton,dcuretonfd@google.com.au,Male,72,Firenze
555,Winonah,Phidgin,wphidginfe@columbia.edu,Female,38,Catania
556,Brier,de Bullion,bdebullionff@blogger.com,Female,63,Arezzo
557,Raoul,Andresser,randresserfg@ftc.gov,Male,78,Monza
558,Evelin,Monckton,emoncktonfh@technorati.com,Male,58,Genova
559,Bernadina,Tringham,btringhamfi@gizmodo.com,Female,48,Bari
560,Pablo,Bestar,pbestarfj@youtube.com,Male,21,Parma
561,Verena,Gladwell,vgladwellfk@un.org,Female,69,Bari
562,Hilarius,Kensett,hkensettfl@alibaba.com,Male,22,Latina
563,Lanae,Coweuppe,lcoweuppefm@etsy.com,Female,31,Messina
564,Deana,Kubala,dkubalafn@tripod.com,Female,45,Novara
565,Liane,Moulin,lmoulinfo@freewebs.com,Female,33,Napoli
566,Wendy,Climar,wclimarfp@myspace.com,Female,30,Rimini
567,Shanon,Sunman,ssunmanfq@bigcartel.com,Female,63,Cagliari
568,Celestyn,Aucourte,caucourtefr@japanpost.jp,Non-binary,50,Piacenza
569,Leora,Carbonell,lcarbonellfs@apple.com,Female,69,Cesena
570,Vyky,Dumberrill,vdumberrillft@deliciousdays.com,Agender,79,Vicenza
571,Dukie,Sines,dsinesfu@addtoany.com,Male,49,Modena
572,Riordan,Magowan,rmagowanfv@foxnews.com,Male,67,ReggioEmilia
573,Jessalyn,Bust,jbustfw@google.com,Female,35,Rimini
574,Rickey,Duval,rduvalfx@house.gov,Male,27,Messina
575,Vyky,Dellenbrook,vdellenbrookfy@java.com,Female,21,Cagliari
576,Karlotta,Blazdell,kblazdellfz@walmart.com,Female,26,Catania
577,Friederike,Sloy,fsloyg0@chicagotribune.com,Female,40,Sassari
578,Erica,Vossgen,evossgeng1@sciencedaily.com,Polygender,24,Piacenza
579,Spense,Polfer,spolferg2@wordpress.org,Genderfluid,19,Pescara
580,Jayne,Howling,jhowlingg3@live.com,Female,68,Genova
581,Niven,Lillyman,nlillymang4@redcross.org,Male,73,Roma
582,Therese,Dainter,tdainterg5@wp.com,Female,70,Bergamo
583,Cyrille,Reichartz,creichartzg6@google.de,Male,54,Bolzano
584,Emmerich,Vanacci,evanaccig7@shop-pro.jp,Male,74,Pescara
585,Missie,Jocic,mjocicg8@devhub.com,Female,66,Milano
586,Parker,Choldcroft,pcholdcroftg9@symantec.com,Male,67,Bolzano
587,Tailor,Fellenor,tfellenorga@naver.com,Male,64,Lecce
588,Solly,Coghlin,scoghlingb@adobe.com,Male,79,Ravenna
589,Laurella,O'Corren,locorrengc@php.net,Female,61,Messina
590,Ora,Date,odategd@fotki.com,Female,34,Cesena
591,Kamilah,Livett,klivettge@yahoo.co.jp,Female,23,Genova
592,Consalve,McNern,cmcnerngf@ehow.com,Male,66,Firenze
593,Ravi,Keeney,rkeeneygg@boston.com,Male,49,Siracusa
594,Robinia,Merner,rmernergh@usnews.com,Female,53,Ravenna
595,Cecelia,Channon,cchannongi@umn.edu,Female,33,Latina
596,Virgilio,Corbett,vcorbettgj@com.com,Male,79,Monza
597,Barrie,Whitwam,bwhitwamgk@businessinsider.com,Female,35,Venezia
598,Alonzo,Jest,ajestgl@google.nl,Male,41,Prato
599,Tamar,Twitching,ttwitchinggm@twitpic.com,Female,30,Venezia
600,Brose,Sydall,bsydallgn@miibeian.gov.cn,Male,39,Udine
601,Elberta,Giddy,egiddygo@163.com,Female,80,Padova
602,Cirstoforo,Elletson,celletsongp@quantcast.com,Polygender,55,Latina
603,Lothaire,Fontin,lfontingq@comcast.net,Male,55,Roma
604,Bronny,Ewbanck,bewbanckgr@dedecms.com,Male,77,Verona
605,Juliana,Ostick,jostickgs@cdbaby.com,Female,74,Vicenza
606,Mattie,Dimitriev,mdimitrievgt@un.org,Female,41,Bergamo
607,Roy,Donneely,rdonneelygu@scientificamerican.com,Genderqueer,69,ReggioCalabria
608,Crissie,Cave,ccavegv@huffingtonpost.com,Female,72,Brescia
609,Maddy,Fawckner,mfawcknergw@histats.com,Female,44,Livorno
610,Annadiane,Kingscote,akingscotegx@wikia.com,Female,40,Prato
611,Idalina,Silverwood,isilverwoodgy@netscape.com,Female,42,Modena
612,Zacherie,Aery,zaerygz@ted.com,Male,27,Arezzo
613,Marisa,Hixley,mhixleyh0@about.me,Female,62,Padova
614,Caesar,Twede,ctwedeh1@businessweek.com,Male,59,Salerno
615,Ira,Jaggli,ijagglih2@xing.com,Female,45,Monza
616,Gussi,Enrico,genricoh3@twitter.com,Female,70,Cagliari
617,Wayne,Munning,wmunningh4@angelfire.com,Male,29,Rimini
618,Remington,Mucklow,rmucklowh5@furl.net,Male,69,Trento
619,Laurie,Dollimore,ldollimoreh6@hc360.com,Female,78,Siracusa
620,Nickolai,Koubek,nkoubekh7@imdb.com,Male,72,Sassari
621,Axe,Kingsnode,akingsnodeh8@huffingtonpost.com,Male,64,Parma
622,Gael,Ratchford,gratchfordh9@php.net,Male,32,Padova
623,Beilul,Coppin,bcoppinha@telegraph.co.uk,Female,25,ReggioCalabria
624,Beniamino,Wooton,bwootonhb@hud.gov,Male,56,Terni
625,Tadio,Hartwell,thartwellhc@si.edu,Agender,73,Pescara
626,Nickolaus,Alwen,nalwenhd@tuttocitta.it,Non-binary,70,Siracusa
627,Pauly,Kissock,pkissockhe@joomla.org,Genderfluid,73,Ferrara
628,Tadio,Fearey,tfeareyhf@hatena.ne.jp,Male,35,Bari
629,Enrichetta,Claybourne,eclaybournehg@newsvine.com,Female,55,Trento
630,Jenifer,Hagland,jhaglandhh@china.com.cn,Female,58,Terni
631,Eugenia,Ganforthe,eganforthehi@elegantthemes.com,Bigender,39,Forlì
632,Lewiss,Cardus,lcardushj@economist.com,Male,42,Bolzano
633,Gardner,Spurge,gspurgehk@google.co.uk,Male,44,Bolzano
634,Hailey,Wolfenden,hwolfendenhl@shop-pro.jp,Male,29,Ferrara
635,Delmar,Mullins,dmullinshm@nba.com,Male,76,Pescara
636,Ulrich,Ferenczy,uferenczyhn@tripod.com,Agender,22,Parma
637,Maggy,Cordell,mcordellho@dmoz.org,Female,44,Messina
638,Fran,Bonafacino,fbonafacinohp@drupal.org,Female,74,Trento
639,Zaccaria,Bruckman,zbruckmanhq@nba.com,Male,35,Ferrara
640,Sanderson,Wisdom,swisdomhr@google.it,Male,65,ReggioCalabria
641,Herby,Levicount,hlevicounths@jalbum.net,Male,60,Monza
642,Nessi,Emburey,nembureyht@indiatimes.com,Female,66,Taranto
643,Dell,Dadson,ddadsonhu@sohu.com,Male,62,Prato
644,Marcos,Kellard,mkellardhv@multiply.com,Agender,79,Parma
645,Phaedra,Detloff,pdetloffhw@slashdot.org,Female,56,Terni
646,Nolie,Girardey,ngirardeyhx@mail.ru,Female,32,Trieste
647,Fern,Mellem,fmellemhy@paginegialle.it,Female,74,Milano
648,Fraser,Butterly,fbutterlyhz@home.pl,Male,74,Rimini
649,Briney,Lincey,blinceyi0@theatlantic.com,Female,50,Cagliari
650,Roz,Paulucci,rpauluccii1@mashable.com,Female,71,Napoli
651,Barbette,Gudahy,bgudahyi2@squarespace.com,Female,63,Arezzo
652,Paddie,Dodridge,pdodridgei3@china.com.cn,Male,51,Ferrara
653,Alexia,Vaggs,avaggsi4@seattletimes.com,Female,51,Roma
654,Annissa,Swale,aswalei5@fc2.com,Female,35,Ancona
655,Sal,MacElane,smacelanei6@parallels.com,Male,51,Bologna
656,Colline,Shah,cshahi7@answers.com,Female,28,Napoli
657,Revkah,Wyre,rwyrei8@phoca.cz,Female,31,Salerno
658,Dimitri,Whitehouse,dwhitehousei9@tripadvisor.com,Male,26,Padova
659,Jean,Preskett,jpreskettia@craigslist.org,Female,30,Terni
660,Juli,Wines,jwinesib@hhs.gov,Female,46,Salerno
661,Johann,Hartless,jhartlessic@mapy.cz,Agender,54,Messina
662,Laverne,Popescu,lpopescuid@amazon.de,Female,40,Cagliari
663,Kippie,Hurton,khurtonie@joomla.org,Bigender,40,Arezzo
664,Sonnnie,Delatour,sdelatourif@youtube.com,Genderqueer,47,Bergamo
665,Wyndham,Mirralls,wmirrallsig@ftc.gov,Male,50,Salerno
666,Pebrook,O'Dennehy,podennehyih@zimbio.com,Male,50,Udine
667,Wolfy,Lakes,wlakesii@netvibes.com,Male,18,Rimini
668,Alexis,Coleford,acolefordij@oaic.gov.au,Agender,20,Latina
669,Olenolin,Tunbridge,otunbridgeik@cbslocal.com,Genderfluid,30,Bologna
670,Salomi,Lamont,slamontil@technorati.com,Female,62,Perugia
671,Olympie,Forestel,oforestelim@geocities.jp,Female,20,Vicenza
672,Fernandina,Maynard,fmaynardin@amazon.co.jp,Female,19,Verona
673,Hildegaard,Sellens,hsellensio@psu.edu,Female,72,Padova
674,Sacha,Herion,sherionip@amazon.de,Female,22,Bolzano
675,Bobette,MacPeake,bmacpeakeiq@goo.ne.jp,Female,21,Trento
676,Willie,Ivanyukov,wivanyukovir@narod.ru,Male,33,Firenze
677,Bronson,Johnys,bjohnysis@opensource.org,Male,41,Cesena
678,Sibbie,Horley,shorleyit@pcworld.com,Female,27,ReggioCalabria
679,Nettle,Siret,nsiretiu@wiley.com,Female,50,Bari
680,Jeanie,Dimitrijevic,jdimitrijeviciv@nyu.edu,Female,70,Latina
681,Allistir,Klarzynski,aklarzynskiiw@marriott.com,Male,67,ReggioCalabria
682,Alden,Mathely,amathelyix@webnode.com,Male,56,Trieste
683,Ortensia,Grabiec,ograbieciy@oaic.gov.au,Female,63,Messina
684,Fraze,Fuente,ffuenteiz@disqus.com,Male,39,Arezzo
685,Tallie,Pyle,tpylej0@ehow.com,Male,63,Bari
686,Sheeree,Illingsworth,sillingsworthj1@cbsnews.com,Female,66,Milano
687,Temple,Tourne,ttournej2@vkontakte.ru,Non-binary,36,Arezzo
688,Eduard,Canadine,ecanadinej3@harvard.edu,Male,77,Pescara
689,Phaedra,Eacott,peacottj4@seattletimes.com,Female,69,Milano
690,Woody,Slimming,wslimmingj5@yellowbook.com,Male,49,Rimini
691,Case,Froom,cfroomj6@4shared.com,Male,46,Verona
692,Roger,Poor,rpoorj7@disqus.com,Male,38,Bologna
693,Jo ann,Palluschek,jpalluschekj8@pen.io,Female,63,Prato
694,Wilmar,Cayley,wcayleyj9@tiny.cc,Male,27,ReggioCalabria
695,Whit,McClure,wmcclureja@goo.gl,Male,47,Ferrara
696,Clark,Kensley,ckensleyjb@naver.com,Male,49,Siracusa
697,Cindra,Pettett,cpettettjc@google.es,Female,29,Torino
698,Mureil,Bassano,mbassanojd@amazonaws.com,Female,43,Andria
699,Cherry,Fuggle,cfuggleje@spiegel.de,Female,74,Forlì
700,Katya,Wilder,kwilderjf@google.com.br,Female,60,Rimini
701,Anna,Vautre,avautrejg@forbes.com,Female,36,Ravenna
702,Phebe,Baleine,pbaleinejh@reverbnation.com,Female,25,Siracusa
703,Rolland,Kilford,rkilfordji@github.com,Male,46,Ravenna
704,Cherish,Southworth,csouthworthjj@java.com,Female,29,Forlì
705,Aylmar,Batstone,abatstonejk@buzzfeed.com,Male,46,Bergamo
706,Christa,Antonognoli,cantonognolijl@acquirethisname.com,Female,49,Ravenna
707,Preston,Halladay,phalladayjm@behance.net,Male,44,Pescara
708,Aridatha,Roze,arozejn@nhs.uk,Female,70,Verona
709,Verden,Konzel,mkonzeljo@disqus.com,Female,42,Sassari
710,Dominik,Philippou,dphilippoujp@bigcartel.com,Male,52,Ferrara
711,Minny,Slowley,mslowleyjq@vistaprint.com,Female,39,Venezia
712,Locke,Della Scala,ldellascalajr@cbslocal.com,Male,48,Bari
713,Lynea,Matskevich,lmatskevichjs@posterous.com,Female,43,Milano
714,Hansiain,Peinke,hpeinkejt@bluehost.com,Male,57,Cagliari
715,Greg,Hyder,ghyderju@cbsnews.com,Male,50,Ravenna
716,Lodovico,Baythorp,lbaythorpjv@upenn.edu,Male,46,Vicenza
717,Paton,Pawels,ppawelsjw@house.gov,Male,63,Verona
718,Mommy,Gunner,mgunnerjx@ebay.co.uk,Female,65,Latina
719,Towny,Ong,tongjy@google.pl,Male,63,Brescia
720,Esteban,Lavalde,elavaldejz@dailymotion.com,Male,32,Foggia
721,Gibbie,Normanvill,gnormanvillk0@is.gd,Male,64,ReggioCalabria
722,Pyotr,Brocket,pbrocketk1@arizona.edu,Male,77,Monza
723,Noella,Albion,nalbionk2@nsw.gov.au,Genderqueer,18,Firenze
724,Vittorio,Babon,vbabonk3@infoseek.co.jp,Genderqueer,64,Venezia
725,Miranda,Saur,msaurk4@buzzfeed.com,Female,38,Arezzo
726,Ilyse,Bassom,ibassomk5@gnu.org,Female,29,Prato
727,Andy,Buckenham,abuckenhamk6@bluehost.com,Female,62,Brescia
728,Garrott,Loins,gloinsk7@forbes.com,Male,39,Pescara
729,Rand,Gianni,rgiannik8@prweb.com,Male,61,Ravenna
730,Simeon,Leupoldt,sleupoldtk9@networkadvertising.org,Genderfluid,30,Messina
731,Ripley,Pavlik,rpavlikka@reuters.com,Male,74,Cagliari
732,Truman,Ineson,tinesonkb@godaddy.com,Male,43,Torino
733,Emmanuel,Huyton,ehuytonkc@usatoday.com,Male,57,Padova
734,Adelle,Bovaird,abovairdkd@issuu.com,Female,38,Latina
735,Angelo,Gifford,agiffordke@meetup.com,Male,19,Andria
736,Kenton,Baudry,kbaudrykf@theglobeandmail.com,Agender,53,Trento
737,Kendrick,Rustman,krustmankg@4shared.com,Male,80,Venezia
738,Mariele,Fleeman,mfleemankh@dedecms.com,Female,64,Bolzano
739,Wendi,Whenham,wwhenhamki@meetup.com,Female,78,Roma
740,Keefer,Mackerness,kmackernesskj@loc.gov,Male,59,Parma
741,Nelie,Gaynor,ngaynorkk@nsw.gov.au,Female,56,Firenze
742,Issi,MacGuffie,imacguffiekl@globo.com,Female,54,ReggioCalabria
743,Vonnie,O'Growgane,vogrowganekm@shareasale.com,Bigender,75,Salerno
744,Grady,Troyes,gtroyeskn@adobe.com,Male,76,Pescara
745,Freeland,Dennes,fdennesko@diigo.com,Male,69,Livorno
746,Bathsheba,Pracy,bpracykp@indiegogo.com,Genderfluid,19,Prato
747,Prudence,Tedder,ptedderkq@goo.gl,Female,46,Trieste
748,Reidar,Klawi,rklawikr@guardian.co.uk,Male,77,Roma
749,Randolf,Tainton,rtaintonks@earthlink.net,Male,63,Arezzo
750,Burton,Scoles,bscoleskt@oracle.com,Non-binary,30,Trieste
751,Jessamyn,Broxton,jbroxtonku@nasa.gov,Female,27,ReggioEmilia
752,Avrit,Dane,adanekv@alibaba.com,Female,73,Bolzano
753,Tally,Knellen,tknellenkw@economist.com,Male,20,Arezzo
754,Lilli,Boast,lboastkx@europa.eu,Female,79,Cesena
755,Flossy,Najara,fnajaraky@sun.com,Female,80,Parma
756,Hakim,Allanby,hallanbykz@vk.com,Male,42,Latina
757,Babette,Quixley,bquixleyl0@rakuten.co.jp,Agender,42,Bari
758,Kristin,Hawkett,khawkettl1@wiley.com,Genderqueer,58,Bergamo
759,Fairfax,Stoffer,fstofferl2@yellowpages.com,Male,46,Bologna
760,Monica,Roscoe,mroscoel3@dagondesign.com,Female,21,Pescara
761,Polly,Burtwell,pburtwelll4@smh.com.au,Female,18,Andria
762,Arnuad,Winstone,awinstonel5@github.com,Male,73,Pescara
763,Abbott,Denacamp,adenacampl6@senate.gov,Male,69,Padova
764,Helyn,Wallington,hwallingtonl7@techcrunch.com,Female,20,Latina
765,Joelie,Alan,jalanl8@ocn.ne.jp,Female,65,Siracusa
766,Clive,Norquay,cnorquayl9@globo.com,Male,42,Andria
767,Inger,Bartaletti,ibartalettila@aboutads.info,Agender,32,Firenze
768,Julianne,Endrici,jendricilb@spotify.com,Polygender,66,Monza
769,Harold,Squibbes,hsquibbeslc@mayoclinic.com,Male,20,Bolzano
770,Thomasa,Kneaphsey,tkneaphseyld@berkeley.edu,Female,22,Piacenza
771,Starlin,Bosquet,sbosquetle@amazon.de,Female,29,Parma
772,Cordy,Brickell,cbrickelllf@cpanel.net,Female,52,Ferrara
773,Ban,Richemont,brichemontlg@tripadvisor.com,Male,36,Sassari
774,Archie,Lecordier,alecordierlh@auda.org.au,Male,44,Verona
775,Pet,Gemmill,pgemmillli@slate.com,Female,76,Bari
776,Paulo,McCluney,pmccluneylj@cdc.gov,Male,76,Taranto
777,Natty,Innis,ninnislk@sbwire.com,Male,45,Vicenza
778,Tasia,Gori,tgorill@sitemeter.com,Female,36,Trieste
779,Bert,Ludl,bludllm@ihg.com,Male,66,Pescara
780,Frederica,Gotthard.sf,fgotthardsfln@wikimedia.org,Female,49,Napoli
781,Daria,Extall,dextalllo@aol.com,Female,46,Verona
782,Maximo,Goldman,mgoldmanlp@scientificamerican.com,Male,38,Padova
783,Cordie,Hutchinges,chutchingeslq@japanpost.jp,Female,57,Perugia
784,Rafferty,Stockow,rstockowlr@chronoengine.com,Male,50,Udine
785,Danya,Weakley,dweakleyls@bbb.org,Agender,42,Bologna
786,Berkly,Brogan,bbroganlt@webnode.com,Male,50,Catania
787,Bartolomeo,Godthaab,bgodthaablu@weebly.com,Male,46,Rimini
788,Junia,Clotworthy,jclotworthylv@salon.com,Female,31,Perugia
789,Haleigh,Cobain,hcobainlw@indiegogo.com,Male,74,Siracusa
790,Carrol,Phetteplace,cphetteplacelx@salon.com,Male,61,Firenze
791,Tonya,Savile,tsavilely@cdc.gov,Female,59,Bolzano
792,Abbey,Sanchez,asanchezlz@studiopress.com,Female,56,Foggia
793,Cristi,Ege,cegem0@pinterest.com,Female,70,Taranto
794,Kerwin,Silmon,ksilmonm1@squidoo.com,Male,75,Roma
795,Allene,Francisco,afranciscom2@jalbum.net,Female,73,Perugia
796,Fanchon,Fendt,ffendtm3@sakura.ne.jp,Female,39,Rimini
797,Katinka,Ropkes,kropkesm4@instagram.com,Female,23,Monza
798,Clevey,Crichten,ccrichtenm5@istockphoto.com,Male,18,Catania
799,Bertrand,Vinall,bvinallm6@forbes.com,Male,80,Bergamo
800,Stefan,Sore,ssorem7@hugedomains.com,Male,31,Ferrara
801,Rinaldo,Caddens,rcaddensm8@wikia.com,Male,76,Cesena
802,Hiram,Lecointe,hlecointem9@google.com.br,Male,73,Arezzo
803,Judon,Lethbrig,jlethbrigma@nytimes.com,Male,76,Pescara
804,Lefty,Boas,lboasmb@indiegogo.com,Male,53,Messina
805,Robinia,Moxstead,rmoxsteadmc@hhs.gov,Female,58,Piacenza
806,Maure,Olpin,molpinmd@ycombinator.com,Female,79,Modena
807,Conroy,Algore,calgoreme@simplemachines.org,Male,76,Ferrara
808,Shirlee,Keson,skesonmf@cyberchimps.com,Female,64,Ravenna
809,Kassie,Creaser,kcreasermg@bloglines.com,Female,24,Cagliari
810,Inger,Garvagh,igarvaghmh@istockphoto.com,Female,45,Udine
811,Piper,Signori,psignorimi@java.com,Female,39,Torino
812,Reeba,Sandland,rsandlandmj@slashdot.org,Female,52,Ancona
813,Courtnay,Lock,clockmk@globo.com,Male,69,Torino
814,Rodd,Boldero,rbolderoml@bizjournals.com,Male,75,Livorno
815,Thekla,Iacapucci,tiacapuccimm@people.com.cn,Female,45,Terni
816,Kaila,Putton,kputtonmn@nationalgeographic.com,Female,75,Firenze
817,Maxi,Thunderman,mthundermanmo@businesswire.com,Female,63,Cagliari
818,Catie,Dovidian,cdovidianmp@china.com.cn,Genderfluid,24,Sassari
819,Collen,Robjant,crobjantmq@msu.edu,Female,70,Venezia
820,Hurley,Parlet,hparletmr@sfgate.com,Male,41,Latina
821,Nani,Mecozzi,nmecozzims@timesonline.co.uk,Female,36,Bari
822,Rosalia,Furze,rfurzemt@google.co.uk,Female,32,Lecce
823,Diego,Enoch,denochmu@deviantart.com,Male,20,Forlì
824,Brig,Dunsford,bdunsfordmv@instagram.com,Male,34,Verona
825,Dannel,Norman,dnormanmw@rambler.ru,Male,38,Padova
826,Tabbatha,Lucian,tlucianmx@phpbb.com,Female,34,Prato
827,Raimundo,Elliman,rellimanmy@unc.edu,Male,30,Bari
828,Ewell,Costi,ecostimz@miitbeian.gov.cn,Male,24,Parma
829,Xever,Shyram,xshyramn0@addtoany.com,Male,40,Latina
830,Stephie,Shouler,sshoulern1@opera.com,Genderqueer,75,Terni
831,Rica,Van Velden,rvanveldenn2@economist.com,Female,73,Forlì
832,Sasha,Maciejewski,smaciejewskin3@mail.ru,Male,74,Messina
833,Jeni,Carles,jcarlesn4@yandex.ru,Female,74,Verona
834,Randolph,Wloch,rwlochn5@instagram.com,Male,40,Livorno
835,Mendie,Schelle,mschellen6@last.fm,Male,23,Taranto
836,Katleen,McGilvary,kmcgilvaryn7@ow.ly,Female,51,Napoli
837,Giacinta,Swannell,gswannelln8@163.com,Female,45,Modena
838,Nelia,Zorn,nzornn9@google.es,Non-binary,55,Palermo
839,Dalli,Madders,dmaddersna@google.com,Male,30,Monza
840,Glen,Winfrey,gwinfreynb@weather.com,Female,47,Prato
841,Kylie,Spittles,kspittlesnc@bravesites.com,Male,55,ReggioEmilia
842,Shelley,Webling,sweblingnd@free.fr,Male,67,Cagliari
843,Linnie,Benka,lbenkane@storify.com,Female,36,Ferrara
844,Bogey,O' Faherty,bofahertynf@toplist.cz,Male,52,Messina
845,Herschel,Allcock,hallcockng@skype.com,Male,74,Piacenza
846,Grata,Hummerston,ghummerstonnh@dedecms.com,Polygender,74,Terni
847,Tarrance,Petrelluzzi,tpetrelluzzini@rediff.com,Male,43,Cagliari
848,Callida,Elwel,celwelnj@miitbeian.gov.cn,Female,55,Arezzo
849,Ozzie,Seagrove,oseagrovenk@mediafire.com,Male,34,Cagliari
850,Berna,Pixton,bpixtonnl@latimes.com,Female,53,Messina
851,Jeralee,Rossbrook,jrossbrooknm@nbcnews.com,Female,63,ReggioEmilia
852,Shell,Vevers,sveversnn@auda.org.au,Male,42,Udine
853,Valentijn,Diable,vdiableno@github.com,Male,76,Taranto
854,Sargent,Borham,sborhamnp@4shared.com,Male,49,Salerno
855,Carroll,Upward,cupwardnq@vistaprint.com,Female,69,ReggioCalabria
856,Hakim,Le Estut,hleestutnr@nationalgeographic.com,Male,80,Bolzano
857,Sancho,Cubbin,scubbinns@mashable.com,Male,24,Trento
858,Moises,Sacchetti,msacchettint@google.com.au,Male,35,Venezia
859,Carlye,McCrudden,cmccruddennu@icq.com,Female,57,Modena
860,Buck,Uc,bucnv@aboutads.info,Male,74,Forlì
861,Annaliese,O'Corren,aocorrennw@ocn.ne.jp,Female,73,Cesena
862,Townie,Kerman,tkermannx@issuu.com,Male,70,Monza
863,Jania,Riddel,jriddelny@accuweather.com,Genderfluid,44,Brescia
864,Windy,Petrushanko,wpetrushankonz@fastcompany.com,Female,19,Trento
865,Elbertina,Blaksley,eblaksleyo0@myspace.com,Female,33,Bergamo
866,Courtnay,Fullerton,cfullertono1@fastcompany.com,Male,39,Torino
867,Godfrey,Alvis,galviso2@miitbeian.gov.cn,Male,68,Bolzano
868,Lesley,Simnor,lsimnoro3@usgs.gov,Male,58,Bolzano
869,Lewiss,Hagger,lhaggero4@slashdot.org,Male,41,Cesena
870,Janetta,Cathee,jcatheeo5@mozilla.com,Female,20,Cesena
871,Roxine,Greves,rgreveso6@surveymonkey.com,Female,45,Venezia
872,Clarinda,O'Kane,cokaneo7@lulu.com,Female,70,Siracusa
873,Even,Minero,emineroo8@paginegialle.it,Male,66,Rimini
874,Fransisco,Mosson,fmossono9@slate.com,Male,76,Messina
875,Lesley,Allitt,lallittoa@webeden.co.uk,Female,46,Pescara
876,Morgen,Witherby,mwitherbyob@independent.co.uk,Female,76,Trieste
877,Lea,Stolberger,lstolbergeroc@csmonitor.com,Female,37,Ravenna
878,Lita,Dominey,ldomineyod@dmoz.org,Female,25,Pescara
879,Darn,Ranfield,dranfieldoe@ibm.com,Male,30,Padova
880,Brandi,Raiment,braimentof@nydailynews.com,Female,56,Perugia
881,Tiertza,Keyden,tkeydenog@twitpic.com,Female,71,Taranto
882,Hillier,Heyward,hheywardoh@salon.com,Male,35,Siracusa
883,Teodor,MacCulloch,tmaccullochoi@patch.com,Male,66,Torino
884,Edlin,Bleakley,ebleakleyoj@free.fr,Male,62,Taranto
885,Ade,Fernanando,afernanandook@reference.com,Male,39,Ancona
886,Dill,Pearsey,dpearseyol@mtv.com,Male,73,Padova
887,Guss,Segot,gsegotom@spotify.com,Male,43,Palermo
888,Muhammad,Simmons,msimmonson@networksolutions.com,Male,26,Arezzo
889,Corette,Graddon,cgraddonoo@techcrunch.com,Female,72,Sassari
890,Cord,Townson,ctownsonop@clickbank.net,Male,36,Trieste
891,Hurlee,Goldney,hgoldneyoq@mashable.com,Male,42,Terni
892,Hilton,Wittleton,hwittletonor@mapquest.com,Male,20,Modena
893,Harbert,Le-Good,hlegoodos@cbsnews.com,Genderqueer,47,Ferrara
894,Thornie,Yea,tyeaot@unblog.fr,Male,46,Catania
895,Mame,von Grollmann,mvongrollmannou@smugmug.com,Female,47,Venezia
896,Jayson,Pucknell,jpucknellov@yellowpages.com,Agender,53,Salerno
897,Hayes,Lomansey,hlomanseyow@google.ru,Male,56,Rimini
898,Ninnetta,Woodford,nwoodfordox@dyndns.org,Female,66,Monza
899,Hazel,McCathay,hmccathayoy@sohu.com,Female,64,Foggia
900,Homer,Skrine,hskrineoz@hatena.ne.jp,Male,61,Udine
901,Vita,Grimsdell,vgrimsdellp0@chron.com,Female,57,Piacenza
902,Heindrick,Essery,hesseryp1@alexa.com,Male,29,Roma
903,Rhona,Swindells,rswindellsp2@google.it,Female,75,Arezzo
904,Roz,Yansons,ryansonsp3@friendfeed.com,Female,27,Bari
905,Arvy,Foord,afoordp4@dyndns.org,Male,20,Cesena
906,Shirley,Giacoppoli,sgiacoppolip5@howstuffworks.com,Female,64,Perugia
907,Sashenka,Snelson,ssnelsonp6@myspace.com,Female,62,Novara
908,Euphemia,Gove,egovep7@discuz.net,Female,51,Salerno
909,Ferdy,De Zuani,fdezuanip8@ucoz.com,Bigender,75,Parma
910,Brand,Kliche,bklichep9@ifeng.com,Male,33,Brescia
911,Aubrette,Waldrum,awaldrumpa@noaa.gov,Female,72,Perugia
912,Abba,Louthe,alouthepb@furl.net,Male,31,Milano
913,Lin,Davidzon,ldavidzonpc@soup.io,Male,39,Trento
914,Billy,Faunt,bfauntpd@ft.com,Male,51,Ferrara
915,Jacki,Dawby,jdawbype@yolasite.com,Female,45,Padova
916,Evin,Ramsell,eramsellpf@census.gov,Male,27,Ancona
917,Rakel,Pawlick,rpawlickpg@myspace.com,Female,25,Prato
918,Cordy,Leupoldt,cleupoldtph@qq.com,Female,63,ReggioEmilia
919,Sibilla,Sawyers,ssawyerspi@altervista.org,Female,77,Venezia
920,Jerrilyn,Churchman,jchurchmanpj@deviantart.com,Female,53,Brescia
921,Flory,Powles,fpowlespk@flavors.me,Bigender,28,Ravenna
922,Kippar,Donoher,kdonoherpl@slideshare.net,Polygender,41,Bolzano
923,Curran,Fendlow,cfendlowpm@123-reg.co.uk,Male,70,Bologna
924,Calvin,Babbs,cbabbspn@bravesites.com,Male,77,Roma
925,Sasha,Gadault,sgadaultpo@studiopress.com,Female,62,Parma
926,Thibaut,Dowda,tdowdapp@timesonline.co.uk,Male,47,Siracusa
927,Gannon,Dawidowitsch,gdawidowitschpq@blogspot.com,Male,23,Livorno
928,Tedie,Everil,teverilpr@sina.com.cn,Male,28,Firenze
929,Elisabetta,Burleton,eburletonps@goodreads.com,Female,74,Venezia
930,Auria,McConaghy,amcconaghypt@google.nl,Female,50,ReggioCalabria
931,Timi,Benech,tbenechpu@163.com,Female,22,Salerno
932,Gearard,Senussi,gsenussipv@redcross.org,Male,58,Trieste
933,Johny,Costy,jcostypw@uiuc.edu,Male,25,ReggioEmilia
934,Shayne,Guillou,sguilloupx@usatoday.com,Male,32,Lecce
935,Othella,Aspel,oaspelpy@sogou.com,Female,70,Perugia
936,Jackson,Cisneros,jcisnerospz@dedecms.com,Male,55,Trieste
937,Patrizio,Pollitt,ppollittq0@qq.com,Male,23,Salerno
938,Rosmunda,Loftus,rloftusq1@flavors.me,Female,43,Verona
939,Lorne,Isles,lislesq2@spotify.com,Female,50,Brescia
940,Penny,Suff,psuffq3@independent.co.uk,Male,68,Prato
941,Oralle,Mewrcik,omewrcikq4@shareasale.com,Female,37,Forlì
942,Gavra,Mauro,gmauroq5@patch.com,Female,64,Lecce
943,Wallis,Andreichik,wandreichikq6@sourceforge.net,Female,24,Lecce
944,Nicol,Ling,nlingq7@dedecms.com,Female,20,ReggioCalabria
945,Noel,MacAless,nmacalessq8@gravatar.com,Male,69,Roma
946,Aldis,Sully,asullyq9@unicef.org,Male,44,Cagliari
947,Marlie,Bodega,mbodegaqa@smh.com.au,Female,66,Andria
948,Hermon,Strahan,hstrahanqb@tuttocitta.it,Male,63,Bari
949,Briggs,Pryce,bpryceqc@comsenz.com,Male,28,Roma
950,Kelwin,Lucius,kluciusqd@tinyurl.com,Agender,47,Andria
951,Miquela,Yaakov,myaakovqe@sfgate.com,Female,67,Bari
952,Farlie,Earie,fearieqf@github.com,Male,32,Terni
953,Lynsey,Elph,lelphqg@com.com,Genderqueer,73,Piacenza
954,Sada,Clubley,sclubleyqh@wufoo.com,Female,77,Forlì
955,Danell,Swapp,dswappqi@redcross.org,Female,60,Messina
956,Inez,Westbrook,iwestbrookqj@bloomberg.com,Female,64,Ravenna
957,Dannye,Pagen,dpagenqk@blogger.com,Female,50,Bologna
958,Philippe,Panyer,ppanyerql@symantec.com,Female,26,Prato
959,Theodor,Robertsson,trobertssonqm@51.la,Male,56,Milano
960,Nicolai,Rockhill,nrockhillqn@ucla.edu,Male,50,ReggioCalabria
961,Benjie,Vase,bvaseqo@comcast.net,Male,18,Catania
962,Matthus,Patzelt,mpatzeltqp@taobao.com,Male,78,Foggia
963,Moselle,Davids,mdavidsqq@mayoclinic.com,Female,70,Prato
964,Lorrayne,Marlowe,lmarloweqr@hud.gov,Female,74,Brescia
965,Latrina,Colam,lcolamqs@lycos.com,Female,37,Milano
966,Kordula,Hay,khayqt@ask.com,Female,79,Terni
967,Loria,Quinell,lquinellqu@weibo.com,Agender,69,Bari
968,Marlyn,Muskett,mmuskettqv@i2i.jp,Female,47,Bologna
969,Vicky,Churchlow,vchurchlowqw@hp.com,Female,71,ReggioCalabria
970,Korella,Labern,klabernqx@sciencedirect.com,Female,31,Modena
971,Jabez,Ambrose,jambroseqy@163.com,Male,61,Piacenza
972,Gaspard,Sandford,gsandfordqz@spotify.com,Male,67,Rimini
973,Abagail,Quinby,aquinbyr0@disqus.com,Female,34,Andria
974,Marcello,Lamping,mlampingr1@newyorker.com,Male,29,Salerno
975,Zerk,Lambal,zlambalr2@senate.gov,Male,56,Prato
976,Efrem,Duquesnay,eduquesnayr3@histats.com,Male,66,Cesena
977,Solly,Hendrickx,shendrickxr4@amazon.co.uk,Male,67,Ravenna
978,Kermit,Mudge,kmudger5@amazon.co.uk,Polygender,43,Monza
979,Demetre,Follit,dfollitr6@usatoday.com,Male,44,Brescia
980,Cassandre,Connop,cconnopr7@nytimes.com,Female,38,Parma
981,Tamiko,Puddicombe,tpuddicomber8@theglobeandmail.com,Female,58,Trento
982,Tanny,Whorf,twhorfr9@usatoday.com,Bigender,64,Catania
983,Callean,Shillington,cshillingtonra@hexun.com,Male,77,Piacenza
984,Effie,McShea,emcshearb@slashdot.org,Female,66,Bergamo
985,Franzen,Tighe,ftigherc@edublogs.org,Male,77,Novara
986,Melly,Hryniewicz,mhryniewiczrd@feedburner.com,Female,37,ReggioEmilia
987,Ellyn,Bladder,ebladderre@toplist.cz,Female,34,Napoli
988,Gabbie,Blakes,gblakesrf@rambler.ru,Male,40,ReggioEmilia
989,Stefano,Eddins,seddinsrg@foxnews.com,Male,36,Ravenna
990,Aldon,Verden,averdenrh@gov.uk,Male,33,Arezzo
991,Bertha,Treadaway,btreadawayri@nba.com,Female,59,Verona
992,Merle,Scheu,mscheurj@liveinternet.ru,Female,61,Lecce
993,Carce,Drees,cdreesrk@google.ca,Male,52,Ravenna
994,Marys,Guthrum,mguthrumrl@economist.com,Genderqueer,33,ReggioEmilia
995,Tracee,McMorran,tmcmorranrm@people.com.cn,Female,28,Roma
996,Debbie,Forshaw,dforshawrn@fotki.com,Female,41,Roma
997,Kit,Playford,kplayfordro@hostgator.com,Male,29,Monza
998,Jody,McKinnon,jmckinnonrp@360.cn,Female,55,ReggioEmilia
999,Amelita,Wicklen,awicklenrq@icio.us,Female,38,Trieste
1000,Hurlee,Beachem,hbeachemrr@mapy.cz,Male,70,Perugia
